Date,Actual,MA,ES,LR,Equal_Average,GWO_Ensemble
2016-09-09,0.39244131042460034,0.42709503721133973,0.44751324915851715,0.509995807215999,0.46153469786195195,0.4545673962767862
2016-09-10,0.6373763216275536,0.42709503721133973,0.5886937633750002,0.6848378638273621,0.5668755548045673,0.5125080373431904
2016-09-11,0.7340567370843216,0.42709503721133973,0.6322575703278046,0.7344019707691121,0.5979181927694188,0.5289330107491722
2016-09-12,0.41132111138137156,0.42709503721133973,0.43556203134905686,0.5454783245204493,0.4693784643602819,0.46632589328325547
2016-09-13,0.3395013570364049,0.42709503721133973,0.4096707280409802,0.5081110656254164,0.44829227695924545,0.45394281465083564
2016-09-14,0.3593597682629937,0.42709503721133973,0.4444578656390745,0.5260263716108998,0.46585975815377134,0.4598797404329832
2016-09-15,0.30604218992433135,0.42709503721133973,0.37315253059445663,0.45298828391832247,0.4177452839080396,0.43567576053712354
2016-09-16,0.42384205557671234,0.42709503721133973,0.44884077097815284,0.5125317555090335,0.462822521232842,0.45540778029340917
2016-09-17,0.6214400645947193,0.42709503721133973,0.5900212851946358,0.6873738121203966,0.5681633781754574,0.5133484213598134
2016-09-18,0.7352895955288923,0.42709503721133973,0.6335850921474403,0.7369379190621467,0.5992060161403089,0.5297733947657952
2016-09-19,0.4135923979137129,0.42709503721133973,0.43688955316869255,0.5480142728134839,0.4706662877311721,0.46716627729987836
2016-09-20,0.38482673630789516,0.42709503721133973,0.41099824986061595,0.5106470139184509,0.44958010033013557,0.4547831986674586
2016-09-21,0.40002792627807454,0.42709503721133973,0.4457853874587102,0.5285623199039343,0.46714758152466135,0.4607201244496061
2016-09-22,0.27263511629475196,0.42709503721133973,0.3744800524140923,0.45552423221135696,0.4190331072789297,0.43651614455374654
2016-09-23,0.39693736128742346,0.42709503721133973,0.4501682927977885,0.5150677038020681,0.4641103446037322,0.4562481643100321
2016-09-24,0.5858021724060598,0.42709503721133973,0.5913488070142716,0.6899097604134312,0.5694512015463475,0.5141888053764363
2016-09-25,0.6720849558998274,0.42709503721133973,0.634912613967076,0.7394738673551812,0.600493839511199,0.5306137787824181
2016-09-26,0.39744392752989527,0.42709503721133973,0.43821707498832824,0.5505502211065184,0.47195411110206215,0.46800666131650137
2016-09-27,0.32470856015724175,0.42709503721133973,0.41232577168025164,0.5131829622114854,0.4508679237010256,0.45562358268408154
2016-09-28,0.36650766972688037,0.42709503721133973,0.4471129092783459,0.5310982681969688,0.4684354048955515,0.46156050846622904
2016-09-29,0.2606905823851294,0.42709503721133973,0.375807574233728,0.45806018050439146,0.4203209306498197,0.43735652857036944
2016-09-30,0.43459939871207215,0.42709503721133973,0.4514958146174242,0.5176036520951026,0.4653981679746222,0.4570885483266551
2016-10-01,0.8843373543484467,0.42709503721133973,0.5926763288339072,0.6924457087064657,0.5707390249172376,0.5150291893930592
2016-10-02,0.961969524777192,0.42709503721133973,0.6362401357867117,0.7420098156482157,0.601781662882089,0.531454162799041
2016-10-03,0.5583797038844651,0.42709503721133973,0.4395445968079639,0.5530861693995529,0.47324193447295215,0.46884704533312427
2016-10-04,0.45453452108072506,0.42709503721133973,0.41365329349988733,0.51571891050452,0.45215574707191575,0.4564639667007045
2016-10-05,0.4789348508138465,0.42709503721133973,0.4484404310979816,0.5336342164900033,0.4697232282664416,0.462400892482852
2016-10-06,0.3185329995689217,0.42709503721133973,0.3771350960533637,0.46059612879742595,0.42160875402070985,0.4381969125869924
2016-10-07,0.5245915170944748,0.42709503721133973,0.4528233364370599,0.5201396003881371,0.4666859913455122,0.45792893234327803
2016-10-08,0.6532114344720517,0.42709503721133973,0.594003850653543,0.6949816569995002,0.5720268482881277,0.5158695734096822
2016-10-09,0.8016194007942659,0.42709503721133973,0.6375676576063474,0.7445457639412502,0.6030694862529792,0.532294546815664
2016-10-10,0.4556780846330553,0.42709503721133973,0.4408721186275996,0.5556221176925874,0.47452975784384227,0.4696874293497472
2016-10-11,0.36032239308665454,0.42709503721133973,0.414980815319523,0.5182548587975545,0.45344357044280575,0.45730435071732745
2016-10-12,0.39831001118492876,0.42709503721133973,0.4497679529176173,0.5361701647830379,0.47101105163733165,0.46324127649947494
2016-10-13,0.2970205337205229,0.42709503721133973,0.3784626178729994,0.46313207709046056,0.42289657739159986,0.43903729660361535
2016-10-14,0.40100569239366607,0.42709503721133973,0.4541508582566956,0.5226755486811716,0.4679738147164023,0.4587693163599009
2016-10-15,0.6132373847869073,0.42709503721133973,0.5953313724731786,0.6975176052925347,0.5733146716590177,0.5167099574263051
2016-10-16,0.8171114310227878,0.42709503721133973,0.6388951794259831,0.7470817122342847,0.6043573096238691,0.5331349308322869
2016-10-17,0.4415174248848783,0.42709503721133973,0.4421996404472353,0.558158065985622,0.47581758121473233,0.4705278133663702
2016-10-18,0.3654376600523421,0.42709503721133973,0.4163083371391587,0.520790807090589,0.4547313938136958,0.45814473473395034
2016-10-19,0.38181772656911045,0.42709503721133973,0.451095474737253,0.5387061130760724,0.4722988750082217,0.4640816605160979
2016-10-20,0.32003132164157194,0.42709503721133973,0.3797901396926351,0.46566802538349505,0.42418440076249,0.4398776806202383
2016-10-21,0.4024348096550487,0.42709503721133973,0.45547838007633135,0.5252114969742062,0.46926163808729243,0.45960970037652393
2016-10-22,0.5684507356040018,0.42709503721133973,0.5966588942928144,0.7000535535855693,0.5746024950299078,0.5175503414429281
2016-10-23,0.7393796683903289,0.42709503721133973,0.6402227012456188,0.7496176605273192,0.6056451329947592,0.5339753148489099
2016-10-24,0.4015332114923222,0.42709503721133973,0.443527162266871,0.5606940142786565,0.4771054045856224,0.4713681973829931
2016-10-25,0.3463288492472362,0.42709503721133973,0.4176358589587944,0.5233267553836235,0.4560192171845858,0.4589851187505733
2016-10-26,0.36808298448097226,0.42709503721133973,0.45242299655688867,0.5412420613691069,0.47358669837911177,0.4649220445327208
2016-10-27,0.28320111917740026,0.42709503721133973,0.3811176615122708,0.46820397367652966,0.4254722241333801,0.44071806463686125
2016-10-28,0.3732533098246809,0.42709503721133973,0.45680590189596704,0.5277474452672407,0.47054946145818244,0.46045008439314683
2016-10-29,0.566018520018565,0.42709503721133973,0.59798641611245,0.7025895018786038,0.5758903184007979,0.518390725459551
2016-10-30,0.6744541872893282,0.42709503721133973,0.6415502230652544,0.7521536088203536,0.6069329563656493,0.5348156988655328
2016-10-31,0.38858524835615166,0.42709503721133973,0.4448546840865067,0.563229962571691,0.47839322795651246,0.4722085813996161
2016-11-01,0.5381457561851337,0.42709503721133973,0.4189633807784301,0.5258627036766581,0.457307040555476,0.45982550276719625
2016-11-02,0.6879848081165605,0.42709503721133973,0.45375051837652436,0.5437780096621414,0.47487452175000183,0.46576242854934374
2016-11-03,0.520968951311102,0.42709503721133973,0.38244518333190647,0.47073992196956416,0.4267600475042701,0.4415584486534842
2016-11-04,0.5825974578155071,0.42709503721133973,0.45813342371560273,0.5302833935602752,0.4718372848290726,0.46129046840976984
2016-11-05,0.6105091406001171,0.42709503721133973,0.5993139379320858,0.7051254501716383,0.577178141771688,0.519231109476174
2016-11-06,0.8512943210086223,0.42709503721133973,0.6428777448848901,0.7546895571133884,0.6082207797365394,0.5356560828821558
2016-11-07,0.5740025808582534,0.42709503721133973,0.44618220590614244,0.5657659108647255,0.4796810513274026,0.473048965416239
2016-11-08,0.4958319644453701,0.42709503721133973,0.4202909025980658,0.5283986519696926,0.458594863926366,0.4606658867838192
2016-11-09,0.5175996517767563,0.42709503721133973,0.45507804019616005,0.5463139579551759,0.4761623451208919,0.4666028125659667
2016-11-10,0.32502637595452527,0.42709503721133973,0.38377270515154216,0.47327587026259865,0.4280478708751601,0.44239883267010716
2016-11-11,0.4443197660991985,0.42709503721133973,0.4594609455352384,0.5328193418533098,0.4731251081999626,0.46213085242639274
2016-11-12,0.6505912390265609,0.42709503721133973,0.6006414597517213,0.7076613984646728,0.578465965142578,0.5200714934927969
2016-11-13,0.8976326821736436,0.42709503721133973,0.6442052667045258,0.7572255054064229,0.6095086031074294,0.5364964668987788
2016-11-14,0.4656008693043729,0.42709503721133973,0.44750972772577813,0.5683018591577601,0.4809688746982926,0.473889349432862
2016-11-15,0.4237362802684311,0.42709503721133973,0.4216184244177015,0.5309346002627271,0.4598826872972561,0.46150627080044215
2016-11-16,0.5558740006196736,0.42709503721133973,0.45640556201579574,0.5488499062482105,0.477450168491782,0.46744319658258965
2016-11-17,0.35074902832245086,0.42709503721133973,0.38510022697117785,0.47581181855563315,0.4293356942460503,0.44323921668673005
2016-11-18,0.46802418262020956,0.42709503721133973,0.4607884673548741,0.5353552901463443,0.47441293157085274,0.46297123644301574
2016-11-19,0.6561703468546185,0.42709503721133973,0.6019689815713571,0.7101973467577074,0.5797537885134681,0.5209118775094199
2016-11-20,0.8368175019588853,0.42709503721133973,0.6455327885241615,0.7597614536994574,0.6107964264783196,0.5373368509154017
2016-11-21,0.5018585113671337,0.42709503721133973,0.4488372495454138,0.5708378074507946,0.48225669806918275,0.4747297334494849
2016-11-22,0.42228710530517594,0.42709503721133973,0.42294594623733717,0.5334705485557616,0.4611705106681461,0.46234665481706505
2016-11-23,0.4827215389086707,0.42709503721133973,0.45773308383543143,0.551385854541245,0.478737991862672,0.4682835805992126
2016-11-24,0.33190400116899094,0.42709503721133973,0.38642774879081354,0.47834776684866775,0.43062351761694034,0.44407960070335306
2016-11-25,0.46759900567684837,0.42709503721133973,0.4621159891745098,0.5378912384393788,0.47570075494174274,0.46381162045963864
2016-11-26,0.6298732388780945,0.42709503721133973,0.6032965033909927,0.7127332950507419,0.5810416118843581,0.5217522615260428
2016-11-27,0.7715661358643686,0.42709503721133973,0.6468603103437972,0.7622974019924919,0.6120842498492096,0.5381772349320246
2016-11-28,0.48167184087174636,0.42709503721133973,0.4501647713650495,0.5733737557438291,0.4835445214400728,0.47557011746610783
2016-11-29,0.379851379402161,0.42709503721133973,0.42427346805697286,0.5360064968487962,0.46245833403903625,0.46318703883368806
2016-11-30,0.49575768971481643,0.42709503721133973,0.4590606056550671,0.5539218028342795,0.4800258152335621,0.4691239646158355
2016-12-01,0.5684287166470101,0.42709503721133973,0.38775527061044923,0.48088371514170225,0.4319113409878304,0.44491998471997596
2016-12-02,0.5778189567428695,0.42709503721133973,0.4634435109941455,0.5404271867324134,0.47698857831263286,0.46465200447626165
2016-12-03,0.825628820485226,0.42709503721133973,0.6046240252106285,0.7152692433437764,0.5823294352552483,0.5225926455426657
2016-12-04,0.9807610939572098,0.42709503721133973,0.6481878321634329,0.7648333502855263,0.6133720732200997,0.5390176189486475
2016-12-05,0.6191578398098017,0.42709503721133973,0.4514922931846852,0.5759097040368636,0.4848323448109628,0.4764105014827308
2016-12-06,0.6532063627630027,0.42709503721133973,0.42560098987660855,0.5385424451418307,0.46374615740992625,0.46402742285031096
2016-12-07,0.5913527958451967,0.42709503721133973,0.4603881274747028,0.5564577511273141,0.48131363860445225,0.4699643486324585
2016-12-08,0.4068421045604625,0.42709503721133973,0.3890827924300849,0.48341966343473675,0.43319916435872047,0.4457603687365989
2016-12-09,0.5029829088753037,0.42709503721133973,0.4647710328137812,0.5429631350254479,0.47827640168352287,0.46549238849288455
2016-12-10,0.6412959245798004,0.42709503721133973,0.6059515470302641,0.7178051916368109,0.5836172586261382,0.5234330295592887
2016-12-11,0.831236950220914,0.42709503721133973,0.6495153539830686,0.7673692985785608,0.6146598965909896,0.5398580029652705
2016-12-12,0.5690467397085044,0.42709503721133973,0.4528198150043209,0.5784456523298982,0.48612016818185294,0.47725088549935374
2016-12-13,0.4765036212672444,0.42709503721133973,0.42692851169624424,0.5410783934348652,0.4650339807808164,0.46486780686693396
2016-12-14,0.5552367866684684,0.42709503721133973,0.4617156492943385,0.5589936994203486,0.48260146197534226,0.4708047326490814
2016-12-15,0.47696072922362925,0.42709503721133973,0.3904103142497206,0.48595561172777124,0.43448698772961053,0.44660075275322186
2016-12-16,0.640198867263583,0.42709503721133973,0.4660985546334169,0.5454990833184824,0.47956422505441304,0.4663327725095075
2016-12-17,0.785800774052692,0.42709503721133973,0.6072790688498999,0.7203411399298455,0.5849050819970284,0.5242734135759117
2016-12-18,0.9657743194221542,0.42709503721133973,0.6508428758027043,0.7699052468715953,0.6159477199618798,0.5406983869818934
2016-12-19,0.7444210980137342,0.42709503721133973,0.4541473368239566,0.5809816006229327,0.487407991552743,0.4780912695159767
2016-12-20,0.794137901368976,0.42709503721133973,0.42825603351587993,0.5436143417278998,0.4663218041517065,0.46570819088355686
2016-12-21,0.8903172117113887,0.42709503721133973,0.4630431711139742,0.5615296477133831,0.4838892853462324,0.4716451166657044
2016-12-22,0.8469881836718247,0.42709503721133973,0.3917378360693563,0.48849156002080585,0.4357748111005006,0.4474411367698448
2016-12-23,0.9864328990942732,0.42709503721133973,0.46742607645305256,0.5480350316115169,0.4808520484253031,0.46717315652613045
2016-12-24,0.9527787710095281,0.42709503721133973,0.6086065906695355,0.72287708822288,0.5861929053679185,0.5251137975925346
2016-12-26,0.7487369700973892,0.42709503721133973,0.65217039762234,0.7724411951646301,0.6172355433327699,0.5415387709985164
2016-12-27,0.567353710519144,0.42709503721133973,0.4554748586435923,0.5835175489159672,0.48869581492363307,0.4789316535325996
2016-12-28,0.671304466995154,0.42709503721133973,0.4295835553355156,0.5461502900209343,0.46760962752259655,0.46654857490017987
2016-12-29,0.6165683675765468,0.42709503721133973,0.4643706929336099,0.5640655960064176,0.4851771087171224,0.4724855006823273
2016-12-30,0.8734801851232243,0.42709503721133973,0.393065357888992,0.49102750831384034,0.43706263447139077,0.44828152078646777
2016-12-31,0.8214084282301768,0.42709503721133973,0.46875359827268825,0.5505709799045515,0.48213987179619316,0.4680135405427534
2017-01-03,0.8169897988496948,0.42709503721133973,0.6099341124891713,0.7254130365159145,0.5874807287388085,0.5259541816091575
2017-01-04,0.708058368112382,0.42709503721133973,0.6534979194419757,0.7749771434576646,0.61852336670366,0.5423791550151393
2017-01-05,0.505536473335576,0.42709503721133973,0.45680238046322796,0.5860534972090017,0.4899836382945231,0.47977203754922254
2017-01-06,0.5646131135825161,0.42709503721133973,0.4309110771551513,0.5486862383139688,0.4688974508934866,0.46738895891680277
2017-01-07,0.8164457490590333,0.42709503721133973,0.4656982147532456,0.5666015442994522,0.4864649320880125,0.4733258846989503
2017-01-08,0.9010274060003456,0.42709503721133973,0.3943928797086277,0.49356345660687484,0.43835045784228077,0.44912190480309067
2017-01-09,0.5208862285662816,0.42709503721133973,0.47008112009232395,0.553106928197586,0.4834276951670832,0.46885392455937636
2017-01-10,0.47218954091662696,0.42709503721133973,0.6112616343088069,0.7279489848089491,0.5887685521096986,0.5267945656257805
2017-01-11,0.49898033550337556,0.42709503721133973,0.6548254412616114,0.777513091750699,0.6198111900745501,0.5432195390317623
2017-01-12,0.36448182555309633,0.42709503721133973,0.45812990228286365,0.5885894455020363,0.49127146166541324,0.4806124215658455
2017-01-13,0.4972229370120242,0.42709503721133973,0.432238598974787,0.5512221866070033,0.4701852742643767,0.4682293429334257
2017-01-14,0.7375656440694753,0.42709503721133973,0.46702573657288127,0.5691374925924867,0.4877527554589025,0.4741662687155732
2017-01-15,0.8849964769391321,0.42709503721133973,0.3957204015282634,0.49609940489990945,0.4396382812131709,0.4499622888197137
2017-01-16,0.5502092541771544,0.42709503721133973,0.47140864191195964,0.5556428764906205,0.4847155185379733,0.46969430857599925
2017-01-17,0.4800064426583927,0.42709503721133973,0.6125891561284427,0.7304849331019836,0.5900563754805886,0.5276349496424034
2017-01-18,0.5103357390871115,0.42709503721133973,0.656152963081247,0.7800490400437335,0.62109901344544,0.5440599230483852
2017-01-19,0.34285822040617325,0.42709503721133973,0.45945742410249935,0.5911253937950708,0.49255928503630325,0.4814528055824685
2017-01-20,0.45605062461591345,0.42709503721133973,0.4335661207944227,0.5537581349000379,0.47147309763526674,0.46906972695004867
2017-01-21,0.7868169427564005,0.42709503721133973,0.46835325839251696,0.5716734408855212,0.4890405788297927,0.47500665273219617
2017-01-22,0.8587740689352201,0.42709503721133973,0.39704792334789907,0.49863535319294394,0.4409261045840609,0.45080267283633657
2017-01-23,0.5250884727105156,0.42709503721133973,0.4727361637315953,0.558178824783655,0.48600334190886335,0.4705346925926222
2017-01-24,0.45183007861827956,0.42709503721133973,0.6139166779480782,0.7330208813950181,0.5913441988514787,0.5284753336590264
2017-01-25,0.4738166204242274,0.42709503721133973,0.6574804849008827,0.782584988336768,0.6223868368163301,0.5449003070650082
2017-01-26,0.31384932199508714,0.42709503721133973,0.46078494592213504,0.5936613420881053,0.4938471084071933,0.4822931895990914
2017-01-27,0.45262900843491544,0.42709503721133973,0.4348936426140584,0.5562940831930724,0.4727609210061569,0.4699101109666716
2017-01-28,0.6963886830036035,0.42709503721133973,0.46968078021215265,0.5742093891785557,0.4903284022006827,0.4758470367488191
2017-01-29,0.7891476929193673,0.42709503721133973,0.39837544516753476,0.5011713014859784,0.442213927954951,0.4516430568529596
2017-01-30,0.42976233780367973,0.42709503721133973,0.474063685551231,0.5607147730766896,0.4872911652797535,0.47137507660924516
2017-01-31,0.5061096433280292,0.42709503721133973,0.615244199767714,0.7355568296880526,0.5926320222223688,0.5293157176756493
2017-02-01,0.681068399580077,0.42709503721133973,0.6588080067205184,0.7851209366298025,0.6236746601872203,0.5457406910816311
2017-02-02,0.4781441341080129,0.42709503721133973,0.4621124677417707,0.5961972903811399,0.4951349317780835,0.4831335736157144
2017-02-03,0.5599110561848442,0.42709503721133973,0.4362211644336941,0.5588300314861069,0.4740487443770469,0.4707504949832946
2017-02-04,0.8440706811866638,0.42709503721133973,0.47100830203178845,0.5767453374715903,0.4916162255715728,0.47668742076544207
2017-02-05,0.8623706298547607,0.42709503721133973,0.39970296698717045,0.5037072497790129,0.443501751325841,0.4524834408695825
2017-02-06,0.514164012044773,0.42709503721133973,0.4753912073708667,0.5632507213697241,0.48857898865064353,0.4722154606258681
2017-02-07,0.46913525289915087,0.42709503721133973,0.6165717215873496,0.7380927779810872,0.5939198455932589,0.5301561016922722
2017-02-08,0.5112406310657467,0.42709503721133973,0.6601355285401541,0.787656884922837,0.6249624835581103,0.546581075098254
2017-02-09,0.35947931064709,0.42709503721133973,0.4634399895614064,0.5987332386741744,0.4964227551489735,0.4839739576323373
2017-02-10,0.4813129464234534,0.42709503721133973,0.43754868625332977,0.5613659797791414,0.4753365677479369,0.4715908789999175
2017-02-11,0.6650049248770216,0.42709503721133973,0.47233582385142414,0.5792812857646248,0.4929040489424629,0.477527804782065
2017-02-12,0.7888178082857731,0.42709503721133973,0.40103048880680614,0.5062431980720475,0.4447895746967312,0.4533238248862055
2017-02-13,0.5214481543327127,0.42709503721133973,0.4767187291905024,0.5657866696627586,0.48986681202153354,0.47305584464249106
2017-02-14,0.3768514550964111,0.42709503721133973,0.6178992434069854,0.7406287262741217,0.5952076689641489,0.5309964857088952
2017-02-15,0.47518704861559063,0.42709503721133973,0.6614630503597898,0.7901928332158715,0.6262503069290003,0.5474214591148769
2017-02-16,0.38004939884062233,0.42709503721133973,0.4647675113810421,0.6012691869672089,0.4977105785198636,0.4848143416489602
2017-02-17,0.48765005487266017,0.42709503721133973,0.43887620807296546,0.563901928072176,0.47662439111882704,0.4724312630165405
2017-02-18,0.7779268628324512,0.42709503721133973,0.47366334567105983,0.5818172340576594,0.49419187231335293,0.478368188798688
2017-02-19,0.5830062775945366,0.42709503721133973,0.40235801062644183,0.508779146365082,0.4460773980676212,0.4541642089028284
2017-02-20,0.48790202200935734,0.42709503721133973,0.4780462510101381,0.5683226179557932,0.49115463539242366,0.473896228659114
2017-02-21,0.44852440048703496,0.42709503721133973,0.6192267652266211,0.7431646745671562,0.596495492335039,0.5318368697255181
2017-02-22,0.46909409617485703,0.42709503721133973,0.6627905721794255,0.7927287815089062,0.6275381302998905,0.5482618431315001
2017-02-23,0.40827292076545413,0.42709503721133973,0.4660950332006778,0.6038051352602434,0.4989984018907536,0.4856547256655832
2017-02-24,0.54230638289041,0.42709503721133973,0.44020372989260115,0.5664378763652105,0.47791221448971716,0.4732716470331634
2017-02-25,0.7422940093880184,0.42709503721133973,0.4749908674906955,0.5843531823506939,0.4954796956842431,0.47920857281531093
2017-02-26,0.5037140493608396,0.42709503721133973,0.4036855324460775,0.5113150946581165,0.44736522143851126,0.4550045929194513
2017-02-27,0.47440220386022275,0.42709503721133973,0.4793737728297738,0.5708585662488277,0.4924424587633138,0.47473661267573697
2017-02-28,0.6692390627899254,0.42709503721133973,0.6205542870462568,0.7457006228601907,0.5977833157059291,0.5326772537421411
2017-03-01,0.7256235738307149,0.42709503721133973,0.6641180939990612,0.7952647298019407,0.6288259536707805,0.549102227148123
2017-03-02,0.561396117050081,0.42709503721133973,0.4674225550203135,0.606341083553278,0.5002862252616437,0.48649510968220616
2017-03-03,0.6056370034835314,0.42709503721133973,0.44153125171223684,0.568973824658245,0.47920003786060716,0.47411203104978633
2017-03-04,0.8373487585950434,0.42709503721133973,0.4763183893103312,0.5868891306437284,0.4967675190551331,0.4800489568319338
2017-03-05,0.9052594117590067,0.42709503721133973,0.4050130542657132,0.513851042951151,0.44865304480940127,0.4558449769360743
2017-03-06,0.5174723105803138,0.42709503721133973,0.48070129464940947,0.5733945145418622,0.4937302821342038,0.47557699669235987
2017-03-07,0.4905200586508038,0.42709503721133973,0.6218818088658925,0.7482365711532253,0.5990711390768192,0.533517637758764
2017-03-08,0.5088017468222001,0.42709503721133973,0.6654456158186969,0.7978006780949752,0.6301137770416706,0.5499426111647459
2017-03-09,0.38761081472790465,0.42709503721133973,0.4687500768399492,0.6088770318463125,0.5015740486325337,0.4873354936988291
2017-03-10,0.5019471807201237,0.42709503721133973,0.44285877353187253,0.5715097729512796,0.48048786123149734,0.4749524150664093
2017-03-11,0.718620389041071,0.42709503721133973,0.4776459111299669,0.5894250789367629,0.4980553424260232,0.4808893408485568
2017-03-12,0.8566699216316436,0.42709503721133973,0.4063405760853489,0.5163869912441856,0.44994086818029144,0.45668536095269724
2017-03-13,0.48339384473261465,0.42709503721133973,0.48202881646904516,0.5759304628348967,0.4950181055050939,0.4764173807089829
2017-03-14,0.432501995373416,0.42709503721133973,0.6232093306855282,0.7507725194462598,0.6003589624477093,0.534358021775387
2017-03-15,0.5417577286262685,0.42709503721133973,0.6667731376383326,0.8003366263880097,0.6314016004125608,0.5507829951813688
2017-03-16,0.43070063475261927,0.42709503721133973,0.47007759865958487,0.611412980139347,0.5028618720034239,0.488175877715452
2017-03-17,0.5385978705004162,0.42709503721133973,0.4441862953515082,0.5740457212443141,0.48177568460238734,0.47579279908303224
2017-03-18,0.7545854318047633,0.42709503721133973,0.4789734329496026,0.5919610272297974,0.4993431657969132,0.48172972486517973
2017-03-19,0.8672823092183051,0.42709503721133973,0.4076680979049846,0.5189229395372201,0.45122869155118145,0.4575257449693202
2017-03-20,0.5520586314831724,0.42709503721133973,0.48335633828868085,0.5784664111279313,0.49630592887598396,0.47725776472560577
2017-03-21,0.47598825367836023,0.42709503721133973,0.6245368525051639,0.7533084677392943,0.6016467858185993,0.53519840579201
2017-03-22,0.49625247955505997,0.42709503721133973,0.6681006594579683,0.8028725746810442,0.6326894237834507,0.5516233791979918
2017-03-23,0.40376397123019575,0.42709503721133973,0.47140512047922056,0.6139489284323815,0.504149695374314,0.48901626173207496
2017-03-24,0.515347590018945,0.42709503721133973,0.4455138171711439,0.5765816695373486,0.4830635079732774,0.4766331830996552
2017-03-25,0.7538541147249282,0.42709503721133973,0.4803009547692383,0.5944969755228321,0.5006309891678034,0.48257010888180274
2017-03-26,0.8143022447423076,0.42709503721133973,0.4089956197246203,0.5214588878302546,0.45251651492207157,0.4583661289859431
2017-03-27,0.5117152015988544,0.42709503721133973,0.48468386010831654,0.5810023594209658,0.497593752246874,0.4780981487422288
2017-03-28,0.4343567773273234,0.42709503721133973,0.6258643743247996,0.7558444160323289,0.6029346091894894,0.536038789808633
2017-03-29,0.5503468142248953,0.42709503721133973,0.669428181277604,0.8054085229740787,0.6339772471543408,0.5524637632146148
2017-03-30,0.3720962490671414,0.42709503721133973,0.47273264229885625,0.6164848767254161,0.505437518745204,0.4898566457486979
2017-03-31,0.6019294311912231,0.42709503721133973,0.44684133899077966,0.5791176178303831,0.48435133134416747,0.4774735671162781
2017-04-02,0.8496576892620111,0.42709503721133973,0.48162847658887387,0.5970329238158666,0.5019188125386934,0.48341049289842564
2017-04-03,0.5604109640482602,0.42709503721133973,0.4103231415442561,0.5239948361232892,0.4538043382929617,0.4592065130025661
2017-04-04,0.5608027292166542,0.42709503721133973,0.4860113819279523,0.5835383077140003,0.4988815756177641,0.4789385327588517
2017-04-05,0.5713149010480869,0.42709503721133973,0.6271918961444353,0.7583803643253634,0.6042224325603794,0.5368791738252559
2017-04-06,0.4154036336419556,0.42709503721133973,0.6707557030972396,0.8079444712671132,0.6352650705252308,0.5533041472312377
2017-04-07,0.4939852819593425,0.42709503721133973,0.47406016411849194,0.6190208250184506,0.5067253421160941,0.49069702976532087
2017-04-08,0.7066267164246058,0.42709503721133973,0.4481688608104153,0.5816535661234177,0.4856391547150576,0.4783139511329011
2017-04-09,0.8144511108218353,0.42709503721133973,0.48295599840850956,0.5995688721089011,0.5032066359095834,0.4842508769150486
2017-04-10,0.4690980009069014,0.42709503721133973,0.4116506633638918,0.5265307844163237,0.4550921616638517,0.460046897019189
2017-04-11,0.4709464779204629,0.42709503721133973,0.487338903747588,0.5860742560070348,0.5001693989886542,0.47977891677547463
2017-04-12,0.5190155572229134,0.42709503721133973,0.628519417964071,0.7609163126183979,0.6055102559312696,0.5377195578418787
2017-04-13,0.46684607992144794,0.42709503721133973,0.6720832249168753,0.8104804195601479,0.636552893896121,0.5541445312478606
2017-04-14,0.47052523185805767,0.42709503721133973,0.47538768593812764,0.6215567733114851,0.5080131654869842,0.4915374137819438
2017-04-15,0.620859509722931,0.42709503721133973,0.449496382630051,0.5841895144164522,0.4869269780859476,0.479154335149524
2017-04-16,0.7036741133797282,0.42709503721133973,0.48428352022814536,0.6021048204019356,0.5044944592804735,0.48509126093167154
2017-04-17,0.5039122299758296,0.42709503721133973,0.41297818518352747,0.5290667327093582,0.45637998503474186,0.46088728103581195
2017-04-18,0.44794167078864716,0.42709503721133973,0.4886664255672237,0.5886102043000694,0.5014572223595443,0.4806193007920976
2017-04-19,0.46561044031744786,0.42709503721133973,0.6298469397837066,0.7634522609114324,0.6067980793021596,0.5385599418585016
2017-04-20,0.40848788076910564,0.42709503721133973,0.673410746736511,0.8130163678531824,0.637840717267011,0.5549849152644836
2017-04-21,0.5228602356045406,0.42709503721133973,0.4767152077577633,0.6240927216045197,0.5093009888578742,0.4923777977985668
2017-04-22,0.6936267962583529,0.42709503721133973,0.4508239044496867,0.5867254627094867,0.4882148014568377,0.479994719166147
2017-04-23,0.8510113929322758,0.42709503721133973,0.48561104204778094,0.6046407686949701,0.5057822826513636,0.48593164494829444
2017-04-24,0.4840440488217334,0.42709503721133973,0.41430570700316316,0.5316026810023927,0.45766780840563187,0.4617276650524349
2017-04-25,0.44965714820828867,0.42709503721133973,0.48999394738685936,0.5911461525931039,0.5027450457304343,0.48145968480872053
2017-04-26,0.5089090935411344,0.42709503721133973,0.6311744616033423,0.765988209204467,0.6080859026730497,0.5394003258751248
2017-04-27,0.359977377083127,0.42709503721133973,0.6747382685561467,0.8155523161462169,0.6391285406379011,0.5558252992811066
2017-04-28,0.5246147608235927,0.42709503721133973,0.478042729577399,0.6266286698975542,0.5105888122287644,0.4932181818151897
2017-04-29,0.7825830594121412,0.42709503721133973,0.45215142626932237,0.5892614110025212,0.4895026248277277,0.4808351031827699
2017-04-30,0.7568184000182421,0.42709503721133973,0.48693856386741674,0.6071767169880046,0.5070701060222537,0.48677202896491745
2017-05-02,0.6291652934619985,0.42709503721133973,0.41563322882279885,0.5341386292954273,0.458955631776522,0.46256804906905785
2017-05-03,0.645295902829248,0.42709503721133973,0.49132146920649505,0.5936821008861384,0.5040328691013244,0.4823000688253435
2017-05-04,0.44742533348239694,0.42709503721133973,0.632501983422978,0.7685241574975015,0.6093737260439397,0.5402407098917477
2017-05-05,0.5085651182754847,0.42709503721133973,0.6760657903757824,0.8180882644392514,0.6404163640087912,0.5566656832977295
2017-05-06,0.7550727822716552,0.42709503721133973,0.4793702513970347,0.6291646181905887,0.5118766355996544,0.4940585658318126
2017-05-07,0.934232766485084,0.42709503721133973,0.45347894808895806,0.5917973592955558,0.49079044819861783,0.4816754871993929
2017-05-08,0.5042845268280531,0.42709503721133973,0.48826608568705243,0.6097126652810391,0.5083579293931438,0.48761241298154034
2017-05-09,0.4466214223684641,0.42709503721133973,0.41696075064243454,0.5366745775884618,0.460243455147412,0.4634084330856808
2017-05-10,0.49455689191538615,0.42709503721133973,0.49264899102613074,0.596218049179173,0.5053206924722144,0.48314045284196644
2017-05-11,0.3826059427923711,0.42709503721133973,0.6338295052426137,0.771060105790536,0.6106615494148299,0.5410810939083706
2017-05-12,0.4933277906834104,0.42709503721133973,0.6773933121954181,0.8206242127322859,0.6417041873796813,0.5575060673143524
2017-05-13,0.8289995297462296,0.42709503721133973,0.4806977732166704,0.6317005664836232,0.5131644589705444,0.4948989498484356
2017-05-14,0.6071240759342784,0.42709503721133973,0.45480646990859375,0.5943333075885903,0.49207827156950784,0.4825158712160158
2017-05-15,0.5488242121246267,0.42709503721133973,0.4895936075066881,0.6122486135740738,0.5096457527640338,0.48845279699816335
2017-05-16,0.5343058723155227,0.42709503721133973,0.41828827246207023,0.5392105258814963,0.4615312785183021,0.4642488171023037
2017-05-17,0.5663358399173886,0.42709503721133973,0.49397651284576644,0.5987539974722075,0.5066085158431045,0.4839808368585894
2017-05-18,0.3633877760227519,0.42709503721133973,0.6351570270622494,0.7735960540835705,0.6119493727857198,0.5419214779249935
2017-05-19,0.5018710522004661,0.42709503721133973,0.6787208340150538,0.8231601610253204,0.6429920107505712,0.5583464513309753
2017-05-20,0.7514979465238139,0.42709503721133973,0.4820252950363061,0.6342365147766578,0.5144522823414345,0.49573933386505853
2017-05-21,0.9099825437527527,0.42709503721133973,0.45613399172822944,0.5968692558816248,0.493366094940398,0.48335625523263875
2017-05-22,0.5067891280484713,0.42709503721133973,0.4909211293263238,0.6147845618671083,0.510933576134924,0.48929318101478625
2017-05-23,0.45361821440224775,0.42709503721133973,0.4196157942817059,0.5417464741745308,0.4628191018891921,0.46508920111892665
2017-05-24,0.47568581452884523,0.42709503721133973,0.4953040346654021,0.601289945765242,0.5078963392139947,0.4848212208752123
2017-05-25,0.3554004742733851,0.42709503721133973,0.6364845488818851,0.7761320023766051,0.61323719615661,0.5427618619416165
2017-05-26,0.7027374899904029,0.42709503721133973,0.6800483558346895,0.8256961093183549,0.6442798341214614,0.5591868353475983
2017-05-27,0.6528951604434363,0.42709503721133973,0.4833528168559418,0.6367724630696923,0.5157401057123246,0.4965797178816815
2017-05-28,0.7763796745528766,0.42709503721133973,0.45746151354786513,0.5994052041746594,0.4946539183112881,0.4841966392492617
2017-05-29,0.5047664883803245,0.42709503721133973,0.4922486511459595,0.6173205101601428,0.512221399505814,0.49013356503140926
2017-05-30,0.4720329428609544,0.42709503721133973,0.4209433161013416,0.5442824224675654,0.4641069252600823,0.4659295851355496
2017-05-31,0.5822104078778962,0.42709503721133973,0.4966315564850378,0.6038258940582765,0.5091841625848846,0.48566160489183524
2017-06-01,0.4952786930320506,0.42709503721133973,0.6378120707015208,0.7786679506696396,0.6145250195275,0.5436022459582395
2017-06-02,0.6397428078880243,0.42709503721133973,0.6813758776543252,0.8282320576113896,0.6455676574923515,0.5600272193642213
2017-06-03,0.8853900810929851,0.42709503721133973,0.48468033867557747,0.6393084113627268,0.5170279290832146,0.49742010189830443
2017-06-05,0.6342835714038106,0.42709503721133973,0.4587890353675008,0.6019411524676939,0.49594174168217814,0.48503702326588466
2017-06-06,0.5321543376775015,0.42709503721133973,0.4935761729655952,0.6198564584531773,0.5135092228767041,0.49097394904803215
2017-06-07,0.567834437663528,0.42709503721133973,0.4222708379209773,0.5468183707605999,0.46539474863097235,0.46676996915217256
2017-06-08,0.40019130015533716,0.42709503721133973,0.4979590783046735,0.6063618423513111,0.5104719859557748,0.4865019889084582
2017-06-09,0.5222123125471871,0.42709503721133973,0.6391395925211565,0.7812038989626741,0.6158128428983901,0.5444426299748624
2017-06-10,0.7115271547013855,0.42709503721133973,0.6827033994739609,0.8307680059044241,0.6468554808632416,0.5608676033808442
2017-06-11,0.9211680223891039,0.42709503721133973,0.48600786049521316,0.6418443596557613,0.5183157524541048,0.49826048591492733
2017-06-12,0.49669947129236375,0.42709503721133973,0.4601165571871366,0.6044771007607284,0.49722956505306826,0.4858774072825076
2017-06-13,0.45958617911646177,0.42709503721133973,0.4949036947852309,0.6223924067462118,0.514797046247594,0.4918143330646551
2017-06-14,0.5134143598176826,0.42709503721133973,0.423598359740613,0.5493543190536344,0.46668257200186236,0.4676103531687955
2017-06-15,0.3937465017766409,0.42709503721133973,0.4992866001243092,0.6088977906443456,0.5117598093266649,0.48734237292508115
2017-06-16,0.5600247458370005,0.42709503721133973,0.6404671143407922,0.7837398472557086,0.6171006662692801,0.5452830139914853
2017-06-17,0.8091323348288455,0.42709503721133973,0.6840309212935965,0.8333039541974586,0.6481433042341317,0.5617079873974671
2017-06-18,0.6842774651754204,0.42709503721133973,0.48733538231484885,0.6443803079487959,0.5196035758249948,0.49910086993155034
2017-06-19,0.5184284830932546,0.42709503721133973,0.4614440790067722,0.6070130490537629,0.49851738842395826,0.4867177912991305
2017-06-20,0.5147876913400544,0.42709503721133973,0.4962312166048666,0.6249283550392463,0.5160848696184842,0.49265471708127806
2017-06-21,0.4946113217794163,0.42709503721133973,0.4249258815602487,0.551890267346669,0.4679703953727525,0.4684507371854185
2017-06-22,0.3456405984404312,0.42709503721133973,0.500614121943945,0.6114337389373801,0.5130476326975549,0.4881827569417041
2017-06-23,0.4897413351705047,0.42709503721133973,0.6417946361604279,0.7862757955487432,0.6183884896401702,0.5461233980081083
2017-06-24,0.6824894239046839,0.42709503721133973,0.6853584431132322,0.8358399024904931,0.6494311276050216,0.5625483714140901
2017-06-25,0.805774618977313,0.42709503721133973,0.48866290413448454,0.6469162562418304,0.5208913991958849,0.49994125394817324
2017-06-26,0.48432553265007766,0.42709503721133973,0.462771600826408,0.6095489973467975,0.49980521179484844,0.4875581753157535
2017-06-27,0.41460192330794393,0.42709503721133973,0.49755873842450227,0.6274643033322808,0.5173726929893743,0.49349510109790096
2017-06-28,0.4619538712153391,0.42709503721133973,0.4262534033798844,0.5544262156397035,0.46925821874364254,0.4692911212020414
2017-06-29,0.3656027590074467,0.42709503721133973,0.5019416437635806,0.6139696872304146,0.514335456068445,0.489023140958327
2017-06-30,0.5290341354911905,0.42709503721133973,0.6431221579800636,0.7888117438417777,0.6196763130110603,0.5469637820247312
2017-07-01,0.9153117373181707,0.42709503721133973,0.6866859649328679,0.8383758507835276,0.6507189509759117,0.563388755430713
2017-07-02,1.0,0.42709503721133973,0.48999042595412023,0.6494522045348649,0.5221792225667748,0.5007816379647962
2017-07-03,0.6461500854373852,0.42709503721133973,0.4640991226460437,0.612084945639832,0.5010930351657384,0.4883985593323764
2017-07-04,0.5577112733572276,0.42709503721133973,0.49888626024413796,0.6300002516253153,0.5186605163602643,0.4943354851145239
2017-07-05,0.5690943116454756,0.42709503721133973,0.42758092519952007,0.556962163932738,0.4705460421145326,0.4701315052186643
2017-07-06,0.4318099722232441,0.42709503721133973,0.5032691655832163,0.6165056355234492,0.5156232794393351,0.48986352497495
2017-07-07,0.5323884873169717,0.42709503721133973,0.6444496797996992,0.7913476921348122,0.6209641363819504,0.5478041660413542
2017-07-08,0.7159255547550347,0.42709503721133973,0.6880134867525036,0.8409117990765621,0.6520067743468019,0.564229139447336
2017-07-09,0.8136120043566291,0.42709503721133973,0.4913179477737559,0.6519881528278995,0.523467045937665,0.5016220219814191
2017-07-10,0.5308315442633471,0.42709503721133973,0.4654266444656794,0.6146208939328665,0.5023808585366285,0.48923894334899937
2017-07-11,0.4606554499228956,0.42709503721133973,0.5002137820637736,0.63253619991835,0.5199483397311545,0.4951758691311469
2017-07-12,0.47806527216698685,0.42709503721133973,0.42890844701915576,0.5594981122257725,0.47183386548542267,0.4709718892352873
2017-07-13,0.36449666534717956,0.42709503721133973,0.504596687402852,0.6190415838164837,0.5169111028102251,0.4907039089915729
2017-07-14,0.49397327726081636,0.42709503721133973,0.6457772016193349,0.7938836404278468,0.6222519597528405,0.5486445500579771
2017-07-15,0.6880262767389032,0.42709503721133973,0.6893410085721393,0.8434477473695966,0.6532945977176919,0.5650695234639589
2017-07-16,0.8135837683387628,0.42709503721133973,0.4926454695933916,0.654524101120934,0.5247548693085551,0.5024624059980421
2017-07-17,0.5443347454802325,0.42709503721133973,0.4667541662853151,0.617156842225901,0.5036686819075186,0.4900793273656223
2017-07-18,0.460273173738933,0.42709503721133973,0.5015413038834093,0.6350721482113845,0.5212361631020445,0.49601625314776987
2017-07-19,0.4963458643735981,0.42709503721133973,0.43023596883879145,0.5620340605188071,0.4731216888563128,0.4718122732519102
2017-07-20,0.42038726787119535,0.42709503721133973,0.5059242092224877,0.6215775321095182,0.5181989261811152,0.49154429300819585
2017-07-21,0.510109146906534,0.42709503721133973,0.6471047234389706,0.7964195887208813,0.6235397831237305,0.5494849340746
2017-07-22,0.6535453670374793,0.42709503721133973,0.690668530391775,0.8459836956626311,0.6545824210885819,0.5659099074805818
2017-07-23,0.7406521959115677,0.42709503721133973,0.4939729914130274,0.6570600494139684,0.5260426926794451,0.503302790014665
2017-07-24,0.5426560315621127,0.42709503721133973,0.46808168810495077,0.6196927905189356,0.5049565052784087,0.49091971138224527
2017-07-25,0.4444962722178309,0.42709503721133973,0.502868825703045,0.637608096504419,0.5225239864729345,0.49685663716439277
2017-07-26,0.4702998623926708,0.42709503721133973,0.43156349065842714,0.5645700088118416,0.4744095122272028,0.4726526572685332
2017-07-27,0.3932808604613715,0.42709503721133973,0.5072517310421234,0.6241134804025528,0.5194867495520054,0.4923846770248188
2017-07-28,0.5603233299929444,0.42709503721133973,0.6484322452586063,0.7989555370139158,0.6248276064946205,0.550325318091223
2017-07-29,0.7482986244060559,0.42709503721133973,0.6919960522114107,0.8485196439556658,0.6558702444594721,0.5667502914972049
2017-07-30,0.8354577990009795,0.42709503721133973,0.495300513232663,0.659595997707003,0.5273305160503352,0.504143174031288
2017-07-31,0.6087034049615712,0.42709503721133973,0.46940920992458646,0.62222873881197,0.5062443286492987,0.4917600953988682
2017-08-01,0.7065659932159891,0.42709503721133973,0.5041963475226807,0.6401440447974535,0.5238118098438247,0.4976970211810157
2017-08-02,0.6838655966028684,0.42709503721133973,0.43289101247806283,0.5671059571048761,0.47569733559809285,0.4734930412851561
2017-08-03,0.4583046694868817,0.42709503721133973,0.5085792528617591,0.6266494286955873,0.5207745729228953,0.4932250610414418
2017-08-04,0.5533423348287492,0.42709503721133973,0.649759767078242,0.8014914853069502,0.6261154298655107,0.551165702107846
2017-08-05,0.6848012586669912,0.42709503721133973,0.6933235740310464,0.8510555922487003,0.6571580678303621,0.5675906755138278
2017-08-06,0.7647391423223786,0.42709503721133973,0.4966280350522988,0.6621319460000376,0.5286183394212253,0.504983558047911
2017-08-07,0.5244511388620843,0.42709503721133973,0.47073673174422215,0.6247646871050045,0.5075321520201889,0.4926004794154911
2017-08-08,0.4484850080560871,0.42709503721133973,0.5055238693423164,0.642679993090488,0.5250996332147148,0.49853740519763867
2017-08-09,0.4640915295235783,0.42709503721133973,0.4342185342976985,0.5696419053979106,0.476985158968983,0.4743334253017791
2017-08-10,0.38521428468730284,0.42709503721133973,0.5099067746813948,0.6291853769886218,0.5220623962937855,0.4940654450580647
2017-08-11,0.5520060281809205,0.42709503721133973,0.6510872888978777,0.8040274335999849,0.6274032532364008,0.5520060861244689
2017-08-12,0.5198431184184344,0.42709503721133973,0.6946510958506821,0.8535915405417348,0.6584458912012522,0.5684310595304507
2017-08-13,0.5894330614945973,0.42709503721133973,0.4979555568719344,0.664667894293072,0.5299061627921153,0.5058239420645338
2017-08-14,0.4896199597879853,0.42709503721133973,0.47206425356385784,0.6273006353980392,0.5088199753910789,0.49344086343211413
2017-08-15,0.4912780231461416,0.42709503721133973,0.5068513911619521,0.6452159413835225,0.5263874565856047,0.49937778921426157
