Date,Actual,MA,ES,RNN,Equal_Average,GWO_Ensemble
2016-09-12,0.5208909562060053,0.6636299014348876,0.6080473786637511,0.5886645,0.620113917400586,0.6123334640335689
2016-09-13,0.4628539916694255,0.6636299014348876,0.5688193660053961,0.5309681,0.5878057990250469,0.5728537085504102
2016-09-14,0.47890141370006245,0.6636299014348876,0.5868853002051855,0.54044527,0.5969868232647392,0.5793386102862057
2016-09-15,0.4358159084454189,0.6636299014348876,0.5007584152581874,0.48421067,0.5495329955624765,0.5408590795210889
2016-09-16,0.5310090302770901,0.6636299014348876,0.5753794873455629,0.55373013,0.5975798396586894,0.5884290150256981
2016-09-17,0.6906863884979704,0.6636299014348876,0.7178185090046931,0.70935166,0.6969333564202289,0.6949158326507383
2016-09-18,0.7826872766880859,0.6636299014348876,0.7567595789357368,0.7248216,0.7150703691702232,0.7055014354885594
2016-09-19,0.522726364543616,0.6636299014348876,0.6102563420417491,0.5812136,0.6183666123198693,0.6072350669173229
2016-09-20,0.4994810652841777,0.6636299014348876,0.5710283293833941,0.5311443,0.5886008505943651,0.5729742706229324
2016-09-21,0.5117650243600547,0.6636299014348876,0.5890942635831834,0.5155841,0.5894360920772517,0.5623269184692119
2016-09-22,0.4088199215446828,0.6636299014348876,0.5029673786361855,0.44740763,0.5380016377124168,0.5156759424832196
2016-09-23,0.5092675637046078,0.6636299014348876,0.5775884507235608,0.5069189,0.5827124197746586,0.5563975974343285
2016-09-24,0.6618876951025975,0.6636299014348876,0.7200274723826912,0.64817005,0.6772758092588239,0.6530512239650818
2016-09-25,0.7316121169057213,0.6636299014348876,0.7589685423137347,0.6571051,0.6932345106608567,0.6591651811644805
2016-09-26,0.5096769158016444,0.6636299014348876,0.6124653054197471,0.5344448,0.6035133386048652,0.5752326886343551
2016-09-27,0.45090005175828196,0.6636299014348876,0.573237292761392,0.49705395,0.5779737150737629,0.5496473245466842
2016-09-28,0.4846775752527458,0.6636299014348876,0.5913032269611814,0.4768136,0.5772489142548359,0.5357975117524367
2016-09-29,0.3991676399789589,0.6636299014348876,0.5051763420141835,0.42021775,0.5296746653019121,0.4970707797959951
2016-09-30,0.5397019525482515,0.6636299014348876,0.5797974141015588,0.5043982,0.5826085140914742,0.5546727767147889
2016-10-01,0.9031315690942938,0.6636299014348876,0.7222364357606892,0.6534599,0.6797754145912136,0.6566709003433844
2016-10-02,0.9658655002134355,0.6636299014348876,0.7611775056917327,0.6669364,0.6972479348930368,0.6658924306116855
2016-10-03,0.6397278193468431,0.6636299014348876,0.614674268797745,0.56341803,0.6139074003238211,0.5950581344504104
2016-10-04,0.5558113642344107,0.6636299014348876,0.57544625613939,0.5243782,0.5878181126927077,0.568344417853484
2016-10-05,0.5755290739971046,0.6636299014348876,0.5935121903391793,0.48483232,0.5806581361370354,0.5412844523679661
2016-10-06,0.44590963102896136,0.6636299014348876,0.5073853053921815,0.42416245,0.5317258847598715,0.4997700079832698
2016-10-07,0.6124238579733878,0.6636299014348876,0.5820063774795567,0.504754,0.5834634285923616,0.554916225635927
2016-10-08,0.7163605763821637,0.6636299014348876,0.7244453991386872,0.6365964,0.6748905607459502,0.6451317314515828
2016-10-09,0.8362878576287325,0.6636299014348876,0.7633864690697306,0.6356184,0.6875449197191399,0.6444625222208851
2016-10-10,0.556735468722615,0.6636299014348876,0.616883232175743,0.5416882,0.6074004458074254,0.580189111266687
2016-10-11,0.47967930306020273,0.6636299014348876,0.577655219517388,0.5042902,0.5818584480246396,0.5545988733063281
2016-10-12,0.5103767910216495,0.6636299014348876,0.5957211537171774,0.4565721,0.5719743802570126,0.5219468832472791
2016-10-13,0.42852558079201697,0.6636299014348876,0.5095942687701793,0.40726602,0.5268300636599694,0.4882083254703477
2016-10-14,0.512555149276148,0.6636299014348876,0.5842153408575548,0.49944106,0.582428766578687,0.55128074485874
2016-10-15,0.684057869068284,0.6636299014348876,0.7266543625166852,0.6299543,0.6734128474735529,0.6405867534023368
2016-10-16,0.8488068423728701,0.6636299014348876,0.7655954324477287,0.6341938,0.6878063706402138,0.6434877068976947
2016-10-17,0.545292353731271,0.6636299014348876,0.6190921955537411,0.5610112,0.614577764057143,0.5934112141227914
2016-10-18,0.48381290906025654,0.6636299014348876,0.579864182895386,0.5251343,0.5895428031192465,0.5688618232838003
2016-10-19,0.4970495087703351,0.6636299014348876,0.5979301170951754,0.4654355,0.5756651744811311,0.5280118366137501
2016-10-20,0.4471204130176758,0.6636299014348876,0.5118032321481774,0.4164912,0.5306414480145759,0.49452082670528025
2016-10-21,0.5137100074147471,0.6636299014348876,0.5864243042355528,0.5076969,0.5859170440880737,0.5569299711598463
2016-10-22,0.6478661388953348,0.6636299014348876,0.7288633258946831,0.62687385,0.6731223593840064,0.6384789156249302
2016-10-23,0.7859924315967347,0.6636299014348876,0.7678043958257267,0.62464327,0.6853591878205445,0.6369525981553789
2016-10-24,0.512981433207363,0.6636299014348876,0.621301158931739,0.55789125,0.6142741033411013,0.591276335528713
2016-10-25,0.4683712330875808,0.6636299014348876,0.582073146273384,0.5162816,0.5873282174917058,0.5628041909227482
2016-10-26,0.48595057440668377,0.6636299014348876,0.6001390804731733,0.44696495,0.5702446437591638,0.5153730282367305
2016-10-27,0.41735822330004985,0.6636299014348876,0.5140121955261754,0.4037426,0.5271282361230989,0.4857973695187246
2016-10-28,0.4901286726381829,0.6636299014348876,0.5886332676135507,0.49921483,0.5838259990209375,0.5511259433207638
2016-10-29,0.6459006850871903,0.6636299014348876,0.7310722892726811,0.61557746,0.6700932166809652,0.6307491574691351
2016-10-30,0.7335266736928547,0.6636299014348876,0.7700133592037246,0.6198369,0.6844933956996261,0.6336637741222384
2016-10-31,0.5025182885724562,0.6636299014348876,0.623510122309737,0.56854266,0.6185608943424363,0.5985647532965643
2016-11-01,0.6233769293198373,0.6636299014348876,0.5842821096513819,0.5283412,0.592084395070647,0.5710561672032297
2016-11-02,0.7444606593110193,0.6636299014348876,0.6023480438511714,0.454328,0.5734353152771869,0.5204113278516702
2016-11-03,0.6094964917658792,0.6636299014348876,0.5162211589041734,0.41622478,0.5320252793458593,0.4943385153168588
2016-11-04,0.6592979910756469,0.6636299014348876,0.5908422309915488,0.51103246,0.5885015315154974,0.5592123710720277
2016-11-05,0.6818531969337159,0.6636299014348876,0.7332812526506791,0.61836576,0.6717589729011623,0.6326571052880063
2016-11-06,0.8764297602171265,0.6636299014348876,0.7722223225817226,0.6218256,0.6858925999483875,0.6350245430625723
2016-11-07,0.6523525402910556,0.6636299014348876,0.6257190856877349,0.5759126,0.6217538606392833,0.6036077636420103
2016-11-08,0.5891834953126242,0.6636299014348876,0.58649107302938,0.5287194,0.5929467998885612,0.5713149922750244
2016-11-09,0.6067737879725928,0.6636299014348876,0.6045570072291693,0.44581836,0.5713350910947552,0.514588457090563
2016-11-10,0.451156876142107,0.6636299014348876,0.5184301222821714,0.4101677,0.530742572602952,0.49019384739677535
2016-11-11,0.5475569030764792,0.6636299014348876,0.5930511943695467,0.50392014,0.5868670778955557,0.554345635854268
2016-11-12,0.7142432175644431,0.6636299014348876,0.7354902160286771,0.60640097,0.6685070280359507,0.6244699780248828
2016-11-13,0.9138754163342452,0.6636299014348876,0.7744312859597206,0.61565983,0.6845736734496716,0.6308055230930274
2016-11-14,0.5647539910264822,0.6636299014348876,0.627928049065733,0.5806678,0.6240752480837944,0.6068615936771048
2016-11-15,0.5309235541031383,0.6636299014348876,0.5887000364073779,0.5329036,0.5950778498340897,0.5741780967841508
2016-11-16,0.6377029807374069,0.6636299014348876,0.6067659706071673,0.4481747,0.5728568524272822,0.5162008116683638
2016-11-17,0.47194314416654903,0.6636299014348876,0.5206390856601693,0.41839468,0.5342212239622073,0.4958233131010829
2016-11-18,0.5667122509823252,0.6636299014348876,0.5952601577475447,0.5111528,0.59001428769343,0.5592947170884086
2016-11-19,0.7187516496262887,0.6636299014348876,0.7376991794066752,0.60804355,0.6697908774288567,0.6255939460879962
2016-11-20,0.8647311594427984,0.6636299014348876,0.7766402493377186,0.6201959,0.6868220253361182,0.6339094254628339
2016-11-21,0.5940534992992215,0.6636299014348876,0.630137012443731,0.5899327,0.6278998646695412,0.6132012580853456
2016-11-22,0.529752487497344,0.6636299014348876,0.5909089997853759,0.5361728,0.5969039028123025,0.5764151023841817
2016-11-23,0.5785890661214831,0.6636299014348876,0.6089749339851653,0.44589332,0.5728327176270223,0.5146397449140395
2016-11-24,0.4567146296363697,0.6636299014348876,0.5228480490381673,0.4174251,0.5346343488360196,0.4951598546323019
2016-11-25,0.5663686689218088,0.6636299014348876,0.5974691211255427,0.50603724,0.5890454192734801,0.555794297645172
2016-11-26,0.6975011686553094,0.6636299014348876,0.739908142784673,0.59755456,0.6670308695651913,0.6184166689316546
2016-11-27,0.812002056502665,0.6636299014348876,0.7788492127157166,0.6146418,0.685706966590749,0.6301089059757483
2016-11-28,0.5777408135996146,0.6636299014348876,0.6323459758217289,0.5913451,0.6291069830164063,0.6141677123717068
2016-11-29,0.4954605194757366,0.6636299014348876,0.593117963163374,0.5357647,0.5975041862707097,0.5761358437540873
2016-11-30,0.5891234745016033,0.6636299014348876,0.6111838973631633,0.44527778,0.5733638596974897,0.5142185525855769
2016-12-01,0.6478483455536879,0.6636299014348876,0.5250570124161653,0.4215388,0.5367419046173991,0.49797473023386496
2016-12-02,0.6554365228790473,0.6636299014348876,0.5996780845035407,0.50821555,0.5905078441821332,0.5572848461913127
2016-12-03,0.855689676137539,0.6636299014348876,0.742117106162671,0.5965353,0.667427444215971,0.6177192361034652
2016-12-04,0.9810508157862088,0.6636299014348876,0.7810581760937145,0.61860865,0.6877655770246607,0.632823306385952
2016-12-05,0.6888421410466274,0.6636299014348876,0.6345549391997269,0.5996164,0.632600416327566,0.6198275225218723
2016-12-06,0.7163564779749652,0.6636299014348876,0.5953269265413719,0.53974485,0.5995672273165494,0.5788593393409395
2016-12-07,0.6663731091593733,0.6636299014348876,0.6133928607411613,0.44668669,0.5745698157537819,0.5151826209175256
2016-12-08,0.5172715068999605,0.6636299014348876,0.5272659757941633,0.42371625,0.5382040414369359,0.4994646873895958
2016-12-09,0.5949621158616402,0.6636299014348876,0.6018870478815387,0.50513834,0.5902184289761928,0.5551792108333635
2016-12-10,0.7067317488909108,0.6636299014348876,0.744326069540669,0.58895665,0.6656375416824548,0.6125333947776498
2016-12-11,0.8602215605689911,0.6636299014348876,0.7832671394717126,0.6152605,0.6873858409136706,0.6305322599381228
2016-12-12,0.6483477650077067,0.6636299014348876,0.6367639025777249,0.6002332,0.6335423337416106,0.6202495713467907
2016-12-13,0.5735644169989937,0.6636299014348876,0.5975358899193699,0.5379767,0.5997141578467947,0.5776494361334403
2016-12-14,0.6371880532801134,0.6636299014348876,0.6156018241191592,0.44545287,0.574894864830831,0.514338360125507
2016-12-15,0.573933802253734,0.6636299014348876,0.5294749391721614,0.4253561,0.5394869768919553,0.500586779317616
2016-12-16,0.7058452257172156,0.6636299014348876,0.6040960112595366,0.50371397,0.5904799593701263,0.5542045586523554
2016-12-17,0.82350495287514,0.6636299014348876,0.7465350329186671,0.5857512,0.6653053700779956,0.6103399889257671
2016-12-18,0.968940124095021,0.6636299014348876,0.7854761028497105,0.6175357,0.688880571539792,0.6320891257812598
2016-12-19,0.790066370235704,0.6636299014348876,0.6389728659557229,0.60608757,0.6362301109375562,0.624255527626601
2016-12-20,0.8302421182526212,0.6636299014348876,0.5997448532973679,0.5412321,0.6015356212673599,0.5798770202724588
2016-12-21,0.9079638436247788,0.6636299014348876,0.6178107874971572,0.44845265,0.5766311134775822,0.5163910150598411
2016-12-22,0.8729500053476656,0.6636299014348876,0.5316839025501594,0.42869708,0.5413369611350456,0.5028729111072114
2016-12-23,0.9856341557962156,0.6636299014348876,0.6063049746375346,0.5017107,0.5905485296607069,0.552833797253372
2016-12-24,0.9584385261818023,0.6636299014348876,0.7487439962966651,0.58064896,0.6643409521381889,0.6068487054447242
2016-12-26,0.7935539916756267,0.6636299014348876,0.7876850662277085,0.616246,0.6891869842312414,0.6312066081475545
2016-12-27,0.6469796417675415,0.6636299014348876,0.6411818293337209,0.6069529,0.6372548788078386,0.6248476521762882
2016-12-28,0.7309814101134903,0.6636299014348876,0.6019538166753658,0.53989863,0.6018274506890542,0.5789645660483504
2016-12-29,0.6867496094090502,0.6636299014348876,0.6200197508751553,0.44801003,0.5772198932395476,0.5160881415988976
2016-12-30,0.8943579781646274,0.6636299014348876,0.5338928659281572,0.42929083,0.5422711994840216,0.5032791963187908
2016-12-31,0.8522792111774355,0.6636299014348876,0.6085139380155327,0.49841845,0.5901874299353167,0.5505810076472295
2017-01-01,0.007371943031569022,0.6636299014348876,0.7509529596746629,0.5763919,0.6636582456178055,0.6039357202134412
2017-01-02,1.0,0.6636299014348876,0.7898940296057065,0.61702853,0.6901841551509927,0.6317420815745309
2017-01-03,0.8487085523942884,0.6636299014348876,0.6433907927117188,0.61044335,0.6391546825998535,0.6272360537212454
2017-01-04,0.7606819413277276,0.6636299014348876,0.6041627800533639,0.54215056,0.6033144128431399,0.5805054847431939
2017-01-05,0.5970256307173281,0.6636299014348876,0.6222287142531532,0.45140186,0.5790868250699689,0.5184090634588114
2017-01-06,0.6447649874754069,0.6636299014348876,0.5361018293061552,0.4325262,0.5440859772502644,0.5054930561217459
2017-01-07,0.8482689101441202,0.6636299014348876,0.6107229013935306,0.49671295,0.5903552518935559,0.5494139904408322
2017-01-08,0.9166186652932357,0.6636299014348876,0.7531619230526609,0.5729394,0.6632437401306965,0.6015732990609728
2017-01-09,0.60942964418263,0.6636299014348876,0.7921029929837045,0.61704814,0.6909270129197024,0.6317555000190032
2017-01-10,0.5700782434440952,0.6636299014348876,0.6455997560897169,0.6116864,0.6403053553481165,0.6280866362728177
2017-01-11,0.5917276685851168,0.6636299014348876,0.6063717434313618,0.5419129,0.6039715193962327,0.5803428727732528
2017-01-12,0.4830405069065383,0.6636299014348876,0.6244376776311512,0.45227754,0.5801150400755408,0.5190082643006444
2017-01-13,0.5903075290309032,0.6636299014348876,0.5383107926841533,0.43297654,0.5449724126741305,0.5058012113108326
2017-01-14,0.7845265331661694,0.6636299014348876,0.6129318647715286,0.49288577,0.58981584487332,0.5467951709565267
2017-01-15,0.9036642007465426,0.6636299014348876,0.755370886430659,0.56860226,0.6625343505976687,0.5986055388420726
2017-01-16,0.6331253448015601,0.6636299014348876,0.7943119563617025,0.6168835,0.6916084580360785,0.6316428503423097
2017-01-17,0.5763950187284231,0.6636299014348876,0.6478087194677148,0.6134273,0.641621967427434,0.6292778597004742
2017-01-18,0.6009038786835579,0.6636299014348876,0.6085807068093598,0.5434208,0.605210466623408,0.5813746655035179
2017-01-19,0.4655666458983666,0.6636299014348876,0.6266466410091491,0.45553008,0.5819355398876821,0.5212338703407058
2017-01-20,0.5570365152796631,0.6636299014348876,0.5405197560621513,0.43548623,0.54654529492366,0.5075185070972259
2017-01-21,0.8243261106131217,0.6636299014348876,0.6151408281495266,0.49099573,0.5899221548381509,0.545501881701236
2017-01-22,0.8824740842212635,0.6636299014348876,0.757579849808657,0.56598145,0.6623970663134101,0.5968121984060792
2017-01-23,0.6128254438006783,0.6636299014348876,0.7965209197397004,0.6173541,0.6925016387189117,0.6319648522240965
2017-01-24,0.5536259260814164,0.6636299014348876,0.6500176828457128,0.6147559,0.6428011709323295,0.6301870102953964
2017-01-25,0.5713930732780602,0.6636299014348876,0.6107896701873579,0.5442074,0.6062089885817743,0.581912912347589
2017-01-26,0.4421247889373585,0.6636299014348876,0.6288556043871472,0.45756558,0.5833503605533746,0.522626696719809
2017-01-27,0.5542715348259493,0.6636299014348876,0.5427287194401493,0.43610993,0.5474895170506359,0.5079452870454232
2017-01-28,0.7512517628623692,0.6636299014348876,0.6173497915275246,0.4873712,0.5894502997486605,0.5430217330716585
2017-01-29,0.8262095710312957,0.6636299014348876,0.759788813186655,0.5621035,0.6618407415081656,0.5941586500297737
2017-01-30,0.535793162620438,0.6636299014348876,0.7987298831176984,0.6167041,0.6930212969611526,0.6315200858503301
2017-01-31,0.5974888047678221,0.6636299014348876,0.6522266462237108,0.6154328,0.6437631155070186,0.6306501709501868
2017-02-01,0.7388715653268721,0.6636299014348876,0.6129986335653558,0.5453925,0.6073403494251299,0.5827238513489275
2017-02-02,0.5748901022012038,0.6636299014348876,0.6310645677651452,0.46057346,0.5850893112773558,0.5246848984883321
2017-02-03,0.6409652927963235,0.6636299014348876,0.5449376828181471,0.43779483,0.5487874728761387,0.5090982128458474
2017-02-04,0.8705923951078233,0.6636299014348876,0.6195587549055226,0.4851808,0.5894564838443762,0.5415229050597795
2017-02-05,0.8853804361079385,0.6636299014348876,0.7619977765646528,0.559785,0.6618042288100071,0.5925721738805978
2017-02-06,0.6039974752003736,0.6636299014348876,0.8009388464956965,0.61701787,0.6938622043705177,0.631734780961885
2017-02-07,0.567610097918237,0.6636299014348876,0.6544356096017088,0.61655533,0.6448736147247028,0.6314182851287418
2017-02-08,0.6016351145970259,0.6636299014348876,0.6152075969433538,0.5468883,0.6085752634046755,0.5837473646134543
2017-02-09,0.4789980149370019,0.6636299014348876,0.6332735311431431,0.46335465,0.586752693245869,0.526587972434515
2017-02-10,0.5774507938890499,0.6636299014348876,0.5471466461961452,0.43859103,0.549789193617108,0.5096430261627454
2017-02-11,0.7258908009093618,0.6636299014348876,0.6217677182835205,0.48204663,0.589148084559075,0.5393782991130973
2017-02-12,0.8259429939181367,0.6636299014348876,0.7642067399426509,0.5565301,0.6614555864553749,0.5903449568114889
2017-02-13,0.6098837318647169,0.6636299014348876,0.8031478098736944,0.61615443,0.6943107145351117,0.631143961549654
2017-02-14,0.4930363048270905,0.6636299014348876,0.6566445729797068,0.6167121,0.6456621892559553,0.6315255511134282
2017-02-15,0.5725005052522779,0.6636299014348876,0.6174165603213517,0.5481075,0.6097179888669683,0.5845816329468236
2017-02-16,0.4956205373876934,0.6636299014348876,0.6354824945211411,0.46618992,0.588434105619427,0.5285280592632466
2017-02-17,0.5825717601424919,0.6636299014348876,0.5493556095741432,0.4396305,0.5508720064772942,0.5103543056836346
2017-02-18,0.817142108690818,0.6636299014348876,0.6239766816615185,0.47967142,0.5890926672544152,0.5377530155173704
2017-02-19,0.6596283550435242,0.6636299014348876,0.7664157033206489,0.5542666,0.6614373922513775,0.5887960849352715
2017-02-20,0.5827753727545129,0.6636299014348876,0.8053567732516924,0.61601186,0.6949995108910101,0.6310464025247985
2017-02-21,0.5509546342311145,0.6636299014348876,0.6588535363577047,0.6174803,0.6466545719359097,0.6320511952239372
2017-02-22,0.5675768395011056,0.6636299014348876,0.6196255236993498,0.5499971,0.6110841721425241,0.5858746163105228
2017-02-23,0.5184277379411947,0.6636299014348876,0.6376914578991391,0.4692996,0.5902069912545002,0.5306559227434977
2017-02-24,0.6267390982209482,0.6636299014348876,0.5515645729521412,0.4404873,0.5518939232587348,0.5109405775075415
2017-02-25,0.7883474870640368,0.6636299014348876,0.6261856450395166,0.4770511,0.5889555518499835,0.535960021758514
2017-02-26,0.5955529445941709,0.6636299014348876,0.7686246666986469,0.5515561,0.6612702261718716,0.586941403038834
2017-02-27,0.571866278532214,0.6636299014348876,0.8075657366296904,0.6150275,0.6954077084475209,0.6303728292407315
2017-02-28,0.7293123736247717,0.6636299014348876,0.6610624997357027,0.6174494,0.6473806013265778,0.632030068311364
2017-03-01,0.7748762424730092,0.6636299014348876,0.6218344870773478,0.5514472,0.612303867069437,0.5868668878471905
2017-03-02,0.6421653585102276,0.6636299014348876,0.6399004212771371,0.4720539,0.5918614027239749,0.5325405820158837
2017-03-03,0.6779160622048159,0.6636299014348876,0.5537735363301393,0.44114095,0.5528481291637105,0.5113878521923567
2017-03-04,0.86516046364794,0.6636299014348876,0.6283946084175145,0.47468403,0.5889028465566611,0.534340305389749
2017-03-05,0.9200385150319897,0.6636299014348876,0.770833630076645,0.54928035,0.6612479589838145,0.5853841701257874
2017-03-06,0.6066708845782637,0.6636299014348876,0.8097747000076884,0.61436695,0.69592385001572,0.6299208438254101
2017-03-07,0.5848909870600878,0.6636299014348876,0.6632714631137008,0.6178622,0.6482545297091487,0.6323125489995534
2017-03-08,0.59966427190002,0.6636299014348876,0.6240434504553457,0.553512,0.6137284430286577,0.5882797399291383
2017-03-09,0.5017308566125223,0.6636299014348876,0.6421093846551351,0.47519323,0.5936441727959734,0.534688736305025
2017-03-10,0.594125152288596,0.6636299014348876,0.5559824997081371,0.44196433,0.5538589098106855,0.5119512637180061
2017-03-11,0.7692170252981991,0.6636299014348876,0.6306035717955125,0.4724961,0.5889098551832962,0.5328431699780086
2017-03-12,0.8807737397470837,0.6636299014348876,0.7730425934546428,0.54693913,0.6612038764957696,0.5837821546837729
2017-03-13,0.5791323510382562,0.6636299014348876,0.8119836633856864,0.6132541,0.6962892117008521,0.6291593369052275
2017-03-14,0.5380070578177598,0.6636299014348876,0.6654804264916987,0.6178014,0.6489705852559243,0.6322709477431352
2017-03-15,0.6262957351328782,0.6636299014348876,0.6262524138333437,0.5552386,0.6150403066046083,0.5894612156114183
2017-03-16,0.5365513928211265,0.6636299014348876,0.644318348033133,0.47791564,0.5952879647045705,0.5365515957033369
2017-03-17,0.6237422792534574,0.6636299014348876,0.5581914630861351,0.44246122,0.5547608623104082,0.5122912724181349
2017-03-18,0.7982800864360472,0.6636299014348876,0.6328125351735104,0.4703045,0.5889156419147135,0.5313435262552195
2017-03-19,0.88934952460785,0.6636299014348876,0.7752515568326408,0.54466236,0.6611812715480588,0.5822242284164527
2017-03-20,0.6346198116944514,0.6636299014348876,0.8141926267636843,0.61214435,0.6966556264013753,0.6283999916189569
2017-03-21,0.5731479526048704,0.6636299014348876,0.6676893898696967,0.6179428,0.649754033787726,0.6323676910570805
2017-03-22,0.5895233101829305,0.6636299014348876,0.6284613772113417,0.55735743,0.616482903034766,0.590911060183142
2017-03-23,0.5147840921690567,0.6636299014348876,0.6465273114111311,0.48092282,0.5970266770099726,0.538609308045314
2017-03-24,0.6049539150203062,0.6636299014348876,0.5604004264641331,0.4432188,0.555749708448106,0.5128096567015434
2017-03-25,0.7976891149990867,0.6636299014348876,0.6350214985515085,0.46845397,0.5890351245060397,0.5300772778166009
2017-03-26,0.8465367615848771,0.6636299014348876,0.7774605202106388,0.54251504,0.6612018203631654,0.5807548883539762
2017-03-27,0.6020186112192474,0.6636299014348876,0.8164015901416823,0.6108657,0.6969657345808008,0.6275250600967162
2017-03-28,0.5395058921630426,0.6636299014348876,0.6698983532476948,0.61789834,0.6504755332253912,0.6323372650401313
2017-03-29,0.6332365059672479,0.6636299014348876,0.6306703405893397,0.5593065,0.6178689147888171,0.5922447475212584
2017-03-30,0.4891936611672518,0.6636299014348876,0.648736274789129,0.4836153,0.5986604950746773,0.5404516930997807
2017-03-31,0.6749200029226864,0.6636299014348876,0.5626093898421312,0.44371578,0.5566516907501511,0.5131497265799904
2017-04-01,1.0,0.6636299014348876,0.6372304619295065,0.46653557,0.5891319772005663,0.5287645746416484
2017-04-02,0.8751072112958188,0.6636299014348876,0.7796694835886369,0.5402607,0.6611866858642664,0.5792122974517669
2017-04-03,0.6413692643109192,0.6636299014348876,0.8186105535196804,0.6094187,0.6972197150530629,0.6265349094084147
2017-04-04,0.6416858465854219,0.6636299014348876,0.6721073166256927,0.6178727,0.6512033110189727,0.6323197272555628
2017-04-05,0.6501806479022417,0.6636299014348876,0.6328793039673377,0.5614217,0.6193102992578646,0.593692104174706
2017-04-06,0.5241900095349717,0.6636299014348876,0.650945238167127,0.48643458,0.6003365728325278,0.5423808290095433
2017-04-07,0.587691206082044,0.6636299014348876,0.5648183532201292,0.4444307,0.5576263211800699,0.5136389288055878
2017-04-08,0.7595250351395901,0.6636299014348876,0.6394394253075044,0.4649511,0.5893401415692109,0.5276803724854053
2017-04-09,0.8466570590637122,0.6636299014348876,0.7818784469666349,0.53817844,0.6612289307700713,0.5777874952049853
2017-04-10,0.567579994883594,0.6636299014348876,0.8208195168976783,0.60795015,0.6974665230997368,0.6255300351381851
2017-04-11,0.5690737342574084,0.6636299014348876,0.6743162800036907,0.61783814,0.6519281085803156,0.6322960716391681
2017-04-12,0.6079179697498105,0.6636299014348876,0.6350882673453356,0.56349677,0.6207383124182674,0.5951120121560267
2017-04-13,0.5657602356883148,0.6636299014348876,0.653154201545125,0.48907423,0.6019527777247015,0.5441870576779172
2017-04-14,0.5687333287101051,0.6636299014348876,0.567027316598127,0.44501564,0.558557619033237,0.514039177756432
2017-04-15,0.6902172467860163,0.6636299014348876,0.6416483886855024,0.46333545,0.5895379148614496,0.5265748394888614
2017-04-16,0.7571390604203911,0.6636299014348876,0.7840874103446327,0.5359567,0.6612246641847364,0.5762672139961691
2017-04-17,0.5957130927515814,0.6636299014348876,0.8230284802756763,0.60627115,0.69764317647951,0.624381147106766
2017-04-18,0.550483735059317,0.6636299014348876,0.6765252433816886,0.6177297,0.652628289423366,0.6322218827318888
2017-04-19,0.5647617252849947,0.6636299014348876,0.6372972307233337,0.5655802,0.6221691071287597,0.5965376301137184
2017-04-20,0.5186014453873213,0.6636299014348876,0.655363164923123,0.49171263,0.6035685653843617,0.5459924298498353
2017-04-21,0.6110248233574865,0.6636299014348876,0.569236279976125,0.44574046,0.5595355475868333,0.5145351503825839
2017-04-22,0.7490199044475068,0.6636299014348876,0.6438573520635004,0.46197364,0.589820296946947,0.525642991737864
2017-04-23,0.8762011283193555,0.6636299014348876,0.7862963737226307,0.53386706,0.6612644454318904,0.5748373543417444
2017-04-24,0.5796577757212824,0.6636299014348876,0.8252374436536742,0.60461605,0.6978277970134684,0.6232486140790958
2017-04-25,0.5518699985334139,0.6636299014348876,0.6787342067596867,0.61768264,0.6533489146595745,0.6321896621509374
2017-04-26,0.5997510179182531,0.6636299014348876,0.6395061941013316,0.56768435,0.623606815978046,0.5979774414412471
2017-04-27,0.4794004984089767,0.6636299014348876,0.657572128301121,0.49427423,0.6051587528490909,0.5477452498463662
2017-04-28,0.6124426410435171,0.6636299014348876,0.5714452433541231,0.4464533,0.5605094826292297,0.5150229251140885
2017-04-29,0.8209047436125811,0.6636299014348876,0.6460663154414984,0.46064323,0.5901131495817099,0.5247326379693494
2017-04-30,0.8000845300490746,0.6636299014348876,0.7885053371006288,0.5316729,0.6612693778300659,0.5733359568404985
2017-05-01,1.0,0.6636299014348876,0.8274464070316723,0.6027843,0.6979535281583886,0.6219951926945394
2017-05-02,0.696929083671414,0.6636299014348876,0.6809431701376847,0.61754024,0.6540377706201177,0.6320922254827184
2017-05-03,0.7099640990698771,0.6636299014348876,0.6417151574793296,0.5697161,0.6250203849461983,0.5993676983309832
2017-05-04,0.5500664870444071,0.6636299014348876,0.6597810916791189,0.49676555,0.6067255156884234,0.5494499836847431
2017-05-05,0.5994730542789166,0.6636299014348876,0.5736542067321211,0.44724408,0.5615093953626408,0.5155640269463451
2017-05-06,0.7986739104197387,0.6636299014348876,0.6482752788194964,0.45947915,0.5904614444702215,0.5239360962655752
2017-05-07,0.9434516494276651,0.6636299014348876,0.7907143004786268,0.52954847,0.6612975560397037,0.5718822784274973
2017-05-08,0.5960139428367236,0.6636299014348876,0.8296553704096703,0.60096914,0.6980848025352729,0.6207531504771797
2017-05-09,0.5494168529536834,0.6636299014348876,0.6831521335156826,0.61745965,0.6547472299195382,0.6320370834251914
2017-05-10,0.5881531194796911,0.6636299014348876,0.6439241208573276,0.5717733,0.6264424376421235,0.6007753706486515
2017-05-11,0.4976864599464253,0.6636299014348876,0.6619900550571169,0.4992358,0.6082852551137797,0.5511402998327828
2017-05-12,0.587159892682097,0.6636299014348876,0.5758631701101191,0.44809765,0.5625302392604755,0.5161480963507945
2017-05-13,0.8584135191195735,0.6636299014348876,0.6504842421974943,0.45839408,0.5908360746776163,0.5231936158023722
2017-05-14,0.679117753464755,0.6636299014348876,0.7929232638566248,0.52737063,0.6613079323287687,0.5703920561657205
2017-05-15,0.6320061034839402,0.6636299014348876,0.8318643337876682,0.599037,0.6981770756062593,0.6194310462339877
2017-05-16,0.6202739501186726,0.6636299014348876,0.6853610968936806,0.6172987,0.6554299068652397,0.6319269624523194
2017-05-17,0.6461571087394674,0.6636299014348876,0.6461330842353256,0.57373273,0.6278319064655715,0.6021161546716863
2017-05-18,0.4821564143003609,0.6636299014348876,0.664199018435115,0.50161767,0.6098155299764022,0.5527701310168338
2017-05-19,0.5940636334455438,0.6636299014348876,0.5780721334881169,0.44899723,0.5635664214202323,0.5167636521963763
2017-05-20,0.7957851144691842,0.6636299014348876,0.6526932055754924,0.45741066,0.591244590125566,0.5225206950870334
2017-05-21,0.9238552399222753,0.6636299014348876,0.7951322272346226,0.5252128,0.6613249843380484,0.5689155378472346
2017-05-22,0.5980378908929852,0.6636299014348876,0.8340732971656662,0.5970998,0.6982676598789769,0.6181054752194274
2017-05-23,0.5550709041940158,0.6636299014348876,0.6875700602716786,0.61716926,0.6561230742284216,0.6318383762474757
2017-05-24,0.5729035539661537,0.6636299014348876,0.6483420476133236,0.5756932,0.6292217130486734,0.6034576320489948
2017-05-25,0.47570194014351,0.6636299014348876,0.6664079818131129,0.5039979,0.6113452683972217,0.5543988609911561
2017-05-26,0.7563821826097361,0.6636299014348876,0.580281096866115,0.4499915,0.5646341642393977,0.5174439958809978
2017-05-27,0.716104997889171,0.6636299014348876,0.6549021689534903,0.4565272,0.591686424569945,0.5219161717315115
2017-05-28,0.8158918383142059,0.6636299014348876,0.7973411906126207,0.5230429,0.6613380030996984,0.5674307400630104
2017-05-29,0.5964034120819512,0.6636299014348876,0.8362822605436642,0.5951003,0.6983374818670978,0.616737283309811
2017-05-30,0.5699516978176661,0.6636299014348876,0.6897790236496766,0.6169831,0.6567973469192098,0.6317110029888537
2017-05-31,0.6589852191411298,0.6636299014348876,0.6505510109913215,0.57755977,0.630580227193268,0.604734872192128
2017-06-01,0.5887364011435228,0.6636299014348876,0.6686169451911109,0.5063022,0.6128496748440116,0.5559755893949556
2017-06-02,0.7054766878121883,0.6636299014348876,0.582490060244113,0.4510243,0.5657147518595123,0.5181507074207901
2017-06-03,0.9039822690903704,0.6636299014348876,0.6571111323314883,0.45570922,0.5921500842484192,0.5213564512977304
2017-06-04,1.0,0.6636299014348876,0.7995501539906187,0.5208672,0.6613490946445006,0.5659419860808721
2017-06-05,0.7010651228170022,0.6636299014348876,0.8384912239216622,0.59307915,0.6984000916932009,0.6153542862471753
2017-06-06,0.6185353123215244,0.6636299014348876,0.6919879870276746,0.6167933,0.6574703877806726,0.6315811010264103
2017-06-07,0.6473681134977062,0.6636299014348876,0.6527599743693195,0.5793965,0.6319287873621853,0.6059916787769615
2017-06-08,0.5118970454732897,0.6636299014348876,0.670825908569109,0.50860447,0.6143534256397091,0.5575509718757533
2017-06-09,0.610501241957842,0.6636299014348876,0.584699023622111,0.4521539,0.5668276054606652,0.5189236546864877
2017-06-10,0.763485039807903,0.6636299014348876,0.6593200957094864,0.4549902,0.5926467350977768,0.5208644552622657
2017-06-11,0.9328941350405245,0.6636299014348876,0.8017591173686167,0.51870435,0.6613644578555118,0.564462000991018
2017-06-12,0.5898845206025796,0.6636299014348876,0.8407001872996602,0.59103304,0.6984543767372505,0.6139542000409717
2017-06-13,0.5598935683709321,0.6636299014348876,0.6941969504056725,0.61656404,0.6581302957520698,0.631424239818386
2017-06-14,0.6033916872787185,0.6636299014348876,0.6549689377473176,0.5811522,0.6332503466270193,0.6071930578054494
2017-06-15,0.5066890558559316,0.6636299014348876,0.6730348719471069,0.51085424,0.6158396725380574,0.5590904222909583
2017-06-16,0.641057164487762,0.6636299014348876,0.586907987000109,0.4533264,0.5679547641765642,0.5197259675449513
2017-06-17,0.8423589990592116,0.6636299014348876,0.6615290590874843,0.45432204,0.5931603335344654,0.5204072492971195
2017-06-18,0.74146478536572,0.6636299014348876,0.8039680807466147,0.516531,0.6613763242606961,0.5629748376451543
2017-06-19,0.6074435598781242,0.6636299014348876,0.8429091506776581,0.5889596,0.6984995422706493,0.6125353932693797
2017-06-20,0.6045014654113201,0.6636299014348876,0.6964059137836706,0.61630416,0.6587799914609956,0.6312464148399705
2017-06-21,0.5881971038140467,0.6636299014348876,0.6571779011253155,0.5828539,0.634553905289131,0.6083574851297071
2017-06-22,0.46781506315869253,0.6636299014348876,0.6752438353251049,0.5130955,0.6173230782816715,0.5606240403731557
2017-06-23,0.5842617068930626,0.6636299014348876,0.5891169503781069,0.45458344,0.5691100960212271,0.5205861143069453
2017-06-24,0.7400198836285011,0.6636299014348876,0.6637380224654823,0.45374036,0.5937027607510104,0.5200092231585054
2017-06-25,0.8396456559466287,0.6636299014348876,0.8061770441246126,0.514382,0.6613963167657847,0.5615043555874035
2017-06-26,0.579885240533885,0.6636299014348876,0.8451181140556562,0.5868805,0.6985428401918451,0.61111275265651
2017-06-27,0.5235421538767616,0.6636299014348876,0.6986148771616685,0.61601156,0.6594187795199274,0.631046198597071
2017-06-28,0.5618068812697212,0.6636299014348876,0.6593868645033135,0.5844864,0.6358343969537148,0.6094745604356298
2017-06-29,0.4839463241949896,0.6636299014348876,0.6774527987031028,0.51530606,0.6187962518945991,0.5621366538994164
2017-06-30,0.6160139020871744,0.6636299014348876,0.5913259137561049,0.45588955,0.5702817893408808,0.5214798479656654
2017-07-01,0.9281617182830776,0.6636299014348876,0.6659469858434802,0.4532067,0.5942611918146775,0.5196440497767982
2017-07-02,0.9965976206717404,0.6636299014348876,0.8083860075026106,0.5122308,0.6614155741469212,0.560032364464469
2017-07-03,0.7106543571498214,0.6636299014348876,0.8473270774336542,0.5847771,0.6985780318813516,0.609673471541073
2017-07-04,0.6391876660260991,0.6636299014348876,0.7008238405396665,0.61567247,0.6600420703712178,0.6308141696286751
2017-07-05,0.6483862075064889,0.6636299014348876,0.6615958278813114,0.58605146,0.6370923977990032,0.6105454665040372
2017-07-06,0.5374478394886061,0.6636299014348876,0.6796617620811009,0.51750255,0.6202647366088044,0.5636396420369372
2017-07-07,0.6187245267576656,0.6636299014348876,0.5935348771341029,0.45726395,0.5714762417007312,0.522420301466765
2017-07-08,0.7670393514351082,0.6636299014348876,0.6681559492214783,0.4527447,0.5948435144067922,0.5193279210135645
2017-07-09,0.8459789838933395,0.6636299014348876,0.8105949708806086,0.5101084,0.6614444278758665,0.558580072760015
2017-07-10,0.6174663736267783,0.6636299014348876,0.8495360408116521,0.5826749,0.6986136209351564,0.6082350061365461
2017-07-11,0.5607576374900622,0.6636299014348876,0.7030328039176645,0.61529887,0.6606538575260664,0.6305585258294301
2017-07-12,0.5748263745023784,0.6636299014348876,0.6638047912593095,0.58755434,0.6383296760961248,0.6115738332484796
2017-07-13,0.4830524988245112,0.6636299014348876,0.6818707254590989,0.51968306,0.6217278966414098,0.5651316996482616
2017-07-14,0.5876815051819366,0.6636299014348876,0.5957438405121009,0.45869046,0.5726880688145337,0.5233964219274115
2017-07-15,0.7444941697704498,0.6636299014348876,0.6703649125994763,0.45233268,0.5954424964971216,0.5190459909302394
2017-07-16,0.8459561665949163,0.6636299014348876,0.8128039342586066,0.5079971,0.6614769770927879,0.5571353671670254
2017-07-17,0.6283782016788552,0.6636299014348876,0.8517450041896502,0.58055544,0.6986434482066329,0.606784712923822
2017-07-18,0.5604487231873866,0.6636299014348876,0.7052417672956625,0.6148718,0.6612478228921271,0.6302662973958642
2017-07-19,0.5895987737020023,0.6636299014348876,0.6660137546373075,0.588986,0.6395432118764108,0.6125534612660398
2017-07-20,0.5282172441818129,0.6636299014348876,0.6840796888370968,0.52184737,0.6231856525195555,0.5666126635912081
2017-07-21,0.600720771369026,0.6636299014348876,0.597952803890099,0.46017078,0.5739178269923061,0.5244093513428791
2017-07-22,0.7166304245964065,0.6636299014348876,0.6725738759774742,0.45198053,0.5960614362093432,0.5188050299273773
2017-07-23,0.7870207508286166,0.6636299014348876,0.8150128976366047,0.50591666,0.6615198180450405,0.555711788486609
2017-07-24,0.6270216464939818,0.6636299014348876,0.8539539675676481,0.5784375,0.6986737920516978,0.6053354801352809
2017-07-25,0.5476995362481043,0.6636299014348876,0.7074507306736605,0.61440456,0.6618283970813285,0.6299465795046257
2017-07-26,0.5685512094618622,0.6636299014348876,0.6682227180153054,0.59035873,0.6407371178603508,0.6134927931646379
2017-07-27,0.5063127748626655,0.6636299014348876,0.6862886522150948,0.52400285,0.6246404679018923,0.5680875912734191
2017-07-28,0.6412984479372497,0.6636299014348876,0.6001617672680968,0.46170136,0.5751643440093678,0.5254566833659828
2017-07-29,0.7931997680560294,0.6636299014348876,0.6747828393554722,0.45168048,0.5966977407414095,0.5185997154912894
2017-07-30,0.8636323944432799,0.6636299014348876,0.8172218610146025,0.50386024,0.6615706658879078,0.5543046463810324
2017-07-31,0.6803939965205071,0.6636299014348876,0.8561629309456461,0.5763093,0.6987007185637952,0.6038792322329125
2017-08-01,0.7594759652042057,0.6636299014348876,0.7096596940516584,0.61388195,0.6623905136988641,0.6295889718416103
2017-08-02,0.7411319576923738,0.6636299014348876,0.6704316813933034,0.5916622,0.6419079369785479,0.6143847322593556
2017-08-03,0.5588579907697059,0.6636299014348876,0.6884976155930927,0.52614224,0.6260899188661994,0.5695515068583431
2017-08-04,0.6356571620198908,0.6636299014348876,0.6023707306460948,0.4632749,0.5764251760752831,0.5265334013746252
2017-08-05,0.7418880586638821,0.6636299014348876,0.6769918027334701,0.45143297,0.5973515591049322,0.5184303535135667
2017-08-06,0.8064852180547804,0.6636299014348876,0.8194308243926005,0.5018371,0.6616326001947035,0.5529202626098493
2017-08-07,0.6123104194554027,0.6636299014348876,0.8583718943236441,0.57418084,0.6987275457348182,0.6024227804028166
2017-08-08,0.5509228015252138,0.6636299014348876,0.7118686574296564,0.6133131,0.6629372125816181,0.6291997145952806
2017-08-09,0.5635343057166317,0.6636299014348876,0.6726406447713014,0.5929078,0.6430594441918376,0.6152370278038394
2017-08-10,0.49979424000549255,0.6636299014348876,0.6907065789710908,0.5282741,0.6275368664354258,0.571010283464533
2017-08-11,0.6345773033899446,0.6636299014348876,0.6045796940240928,0.46489325,0.5777009490388222,0.5276407901134896
2017-08-12,0.6085867152808188,0.6636299014348876,0.6792007661114682,0.4512389,0.5980231893231353,0.5182975557773921
2017-08-13,0.6648217873059143,0.6636299014348876,0.8216397877705985,0.49984804,0.6617059090545437,0.5515592285634696
2017-08-14,0.5841636244248734,0.6636299014348876,0.860580857701642,0.57204735,0.6987527039757874,0.6009629025868979
2017-08-15,0.5855034920587072,0.6636299014348876,0.7140776208076545,0.61268955,0.6634656923112856,0.6287730570037199
